key,OUTLET_LATITUDE,OUTLET_LONGITUDE
722,10.7844023,106.6993834
2087,10.7673837,106.6977785
2247,10.7779188,106.6984714
3178,10.7667,106.689
5915,10.7623364,106.6874432
6202,10.7704697,106.7034934
7291,10.7649735,106.6973855
7670,10.7645425,106.6944985
8151,10.7550855,106.6860467
8214,10.7667838,106.6903473
9141,10.7579852,106.6895291
11137,10.7643996,106.6890352
11451,10.7913183,106.6897091
12312,10.7654629,106.6984487
13253,10.7642504,106.6975308
14356,10.7715933,106.703182
14909,10.7628765,106.6874421
15165,10.7649101,106.6974001
15211,10.7673951,106.6977588
15368,10.7648355,106.6954036
15572,10.7650864,106.6983696
18342,10.7939,106.691
18473,10.7818786,106.701431
19428,10.7894639,106.6899654
22074,10.7630871,106.692473
22808,10.765,106.698
24448,10.7899,106.694
26234,10.7835862,106.7025557
30026,10.7668,106.689
32106,10.7728787,106.7026002
32413,10.7924402,106.6960541
33085,10.7679141,106.6854167
33721,10.7711667,106.6935256
33915,10.7641843,106.6953718
34326,10.7664348,106.6871659
34490,10.7701253,106.7006815
34841,10.7919326,106.6920741
35001,10.7667878,106.6889294
35869,10.7700095,106.6913892
38790,10.7896102,106.6900938
38836,10.789701,106.690224
39744,10.793074,106.6873193
41409,10.7607535,106.691469
41882,10.7856354,106.7006218
42392,10.7894382,106.6901625
43211,10.7942375,106.6902925
44643,10.7922074,106.6964766
45863,10.7669919,106.6876695
46015,10.7706,106.691
47779,10.7765305,106.6979411
49890,10.7823828,106.7038813
49940,10.7647,106.697
50017,10.7704697,106.7034934
51164,10.7716158,106.7031589
51379,10.7922478,106.6966009
53644,10.7666,106.689
54550,10.7579852,106.6895291
55595,10.7629967,106.6908225
59510,10.7731213,106.6984412
59984,10.7894382,106.6901625
60069,10.7666159,106.6860731
62190,10.7647,106.697
65664,10.7647,106.697
66104,10.7668675,106.6889659
66219,10.7654629,106.6984487
66711,10.7905,106.69
70620,10.7918005,106.6998703
70718,10.7629301,106.6877684
72139,10.7922942,106.6965723
72540,10.765,106.698
74770,10.7643554,106.6861829
74951,10.7662651,106.6908818
76162,10.764711,106.697554
77613,10.76351,106.6889901
77897,10.7879364,106.7022388
81214,10.77,106.7
81218,10.7897753,106.6901557
82446,10.7669919,106.6876695
83609,10.7626379,106.6877352
83725,10.7931082,106.6872691
85108,10.7784081,106.7026197
85888,10.764711,106.697554
85956,10.7939613,106.6907516
86740,10.7599648,106.69445
87170,10.7626788,106.6875741
88821,10.7635354,106.6892241
89388,10.7799333,106.701336
90108,10.7922942,106.6965723
91137,10.7573892,106.6887184
93888,10.7923859,106.6965318
94156,10.7560971,106.6854424
94420,10.7649535,106.6952178
95027,10.7898098,106.6901491
95126,10.7632272,106.6958503
96104,10.7921692,106.69649
98757,10.7647,106.697
99409,10.7672779,106.6928403
99914,10.7812921,106.6998783
100960,10.7629301,106.6877684
104476,10.7643996,106.6890352
104585,10.797093,106.7233486
107600,10.765017,106.6891534
109645,10.7661776,106.6894136
111167,10.7629301,106.6877684
118733,10.770539,106.6909213
118836,10.7651159,106.6983492
118882,10.7671854,106.692834
120182,10.7894382,106.6901625
120845,10.7670799,106.6907936
121030,10.7669636,106.6891112
123114,10.7670379,106.6891558
124777,10.7894382,106.6901625
125185,10.7654629,106.6984487
126828,10.7669498,106.6890021
129052,10.7897751,106.6900677
130590,10.7668347,106.6873062
131686,10.7632272,106.6958503
133093,10.7650948,106.6857924
134195,10.7647,106.697
134676,10.7656013,106.6983218
138275,10.7664166,106.6944376
140397,10.7667838,106.6903473
140715,10.7826702,106.703942
142889,10.7643588,106.6889308
143602,10.7667838,106.6903473
144621,10.7923782,106.696528
146652,10.7577809,106.6893085
147835,10.7924,106.697
148083,10.7666,106.689
149602,10.789349,106.6895623
150658,10.7728153,106.7025765
152025,10.7931887,106.6935788
152707,10.7607535,106.691469
153259,10.7626788,106.6875741
153359,10.7924402,106.6960541
153933,10.7632245,106.6887357
155896,10.7647,106.697
156526,10.7922942,106.6965723
158406,10.7840332,106.7003863
159007,10.7918179,106.6999283
159635,10.7663756,106.6944748
160448,10.7728,106.698
162911,10.7635977,106.6915892
165588,10.8380189,106.6824856
165665,10.7897753,106.6901557
166884,10.7661335,106.6935016
167701,10.7650864,106.6983696
170240,10.792481,106.6964428
170466,10.7698,106.7
171431,10.7654629,106.6984487
173613,10.7647,106.697
173871,10.7924,106.697
175004,10.765,106.698
175198,10.7673855,106.6977578
175432,10.7670379,106.6891558
176046,10.7663756,106.6944748
177679,10.7913183,106.6897091
178091,10.7714513,106.7033885
179951,10.8380369,106.6825352
180186,10.7930483,106.6872341
180217,10.7643554,106.6861829
180226,10.7671115,106.6945982
181463,10.7667442,106.6872767
181663,10.7647,106.697
182009,10.7728897,106.697988
182100,10.7643588,106.6889308
183562,10.789701,106.690224
184747,10.7901133,106.6919949
186080,10.7654629,106.6984487
186782,10.7894382,106.6901625
187599,10.792481,106.6964428
187950,10.7623364,106.6874432
190724,10.7895143,106.6900954
191690,10.7812921,106.6998783
192299,10.7629301,106.6877684
193281,10.7707779,106.6934328
195916,10.7824288,106.7041266
196454,10.7666931,106.6872609
197723,10.7924558,106.6964181
197862,10.7632272,106.6958503
198617,10.7667845,106.6890445
200903,10.7626788,106.6875741
201038,10.7667878,106.6889294
201376,10.7975162,106.7234072
202962,10.7921692,106.69649
203440,10.7644991,106.687388
204816,10.7599648,106.69445
211186,10.7897753,106.6901557
211368,10.7649535,106.6952178
211482,10.7667838,106.6903473
213460,10.7607535,106.691469
213921,10.7905,106.69
214460,10.7722357,106.6971571
215147,10.7711558,106.6934266
216560,10.7643019,106.6908466
216876,10.7931091,106.6872792
217079,10.7649662,106.6891004
218568,10.7818786,106.701431
218747,10.7913183,106.6897091
219992,10.7922074,106.6964766
221944,10.7667,106.689
222906,10.7922074,106.6964766
223326,10.7654629,106.6984487
226666,10.7709387,106.70312
229532,10.7661776,106.6894136
230643,10.7922942,106.6965723
231255,10.7667838,106.6903473
231619,10.7629301,106.6877684
232637,10.7719677,106.6891596
233298,10.7664991,106.6868266
236317,10.7626788,106.6875741
238435,10.7649,106.698
238493,10.7668766,106.6890382
239297,10.7616228,106.6928465
240580,10.7642061,106.6946073
242217,10.7896102,106.6900938
242959,10.7677413,106.6859565
244058,10.7632272,106.6958503
247112,10.7829436,106.7036932
247743,10.7649535,106.6952178
247764,10.7895374,106.698358
248267,10.7573351,106.6889956
248365,10.761773,106.6933645
252462,10.7898098,106.6901491
252756,10.7652156,106.6954763
253215,10.7671854,106.692834
253575,10.7709387,106.70312
253943,10.7704697,106.7034934
255994,10.7931608,106.6872322
257067,10.7709387,106.70312
260098,10.770539,106.6909213
261889,10.7667838,106.6903473
262681,10.7913183,106.6897091
263246,10.7579852,106.6895291
263357,10.7898098,106.6901491
263457,10.7943155,106.6908805
263893,10.7672176,106.6871792
264476,10.7930945,106.6872776
264822,10.7669355,106.6890138
267162,10.7650864,106.6983696
269615,10.7921692,106.69649
270424,10.7643111,106.6952884
270493,10.7694762,106.7021786
272537,10.7656013,106.6983218
273322,10.7667,106.689
274480,10.7595703,106.691906
276930,10.7729748,106.7026224
277534,10.7648,106.697
281541,10.7647,106.697
284580,10.7897825,106.6901738
284936,10.766853,106.6892401
286026,10.7924558,106.6964181
288031,10.7895374,106.698358
289795,10.7595703,106.691906
290903,10.7905,106.69
291133,10.7643554,106.6861829
291675,10.7649101,106.6974001
292663,10.7931887,106.6935788
294079,10.7623364,106.6874432
295241,10.7651606,106.6975658
296794,10.7840332,106.7003863
298040,10.7905,106.69
300285,10.7922294,106.6972908
302506,10.783964,106.700466
304250,10.7647459,106.6975358
305248,10.7894382,106.6901625
306174,10.7650948,106.6857924
307799,10.7894382,106.6901625
308194,10.7643996,106.6890352
311226,10.7931887,106.6935788
311550,10.7632272,106.6958503
313279,10.7651159,106.6983492
316041,10.7667603,106.6873274
316168,10.77,106.69
316597,10.7835862,106.7025557
316821,10.7894382,106.6901625
317834,10.7642061,106.6946073
318739,10.7730097,106.6981262
320043,10.7667878,106.6889294
320962,10.7643996,106.6890352
321806,10.7648343,106.6974904
323413,10.767385,106.6977331
324069,10.7668231,106.6889853
325211,10.7632272,106.6958503
326063,10.7924,106.697
326374,10.7635354,106.6892241
327059,10.7632272,106.6958503
327893,10.792481,106.6964428
328107,10.7667106,106.6870755
334243,10.7664504,106.6870255
334662,10.757735,106.6864142
335715,10.765017,106.6891534
336228,10.7909,106.69
336391,10.7657222,106.6907236
336742,10.7581651,106.6894882
336931,10.7580367,106.6895155
339971,10.7897825,106.6901738
341068,10.7704697,106.7034934
345078,10.7823669,106.7016143
346090,10.7871674,106.7017072
348109,10.7654629,106.6984487
349337,10.7669028,106.6879532
350658,10.7654629,106.6984487
351366,10.7909,106.69
351589,10.7595703,106.691906
355846,10.7725468,106.7010635
357588,10.7672779,106.6928403
358222,10.7560971,106.6854424
359910,10.765,106.698
361164,10.7894639,106.6899654
362958,10.792481,106.6964428
363159,10.7632272,106.6958503
363549,10.7649101,106.6974001
364013,10.7654629,106.6984487
364046,10.7938981,106.6942674
364092,10.7667,106.689
364688,10.7632272,106.6958503
366126,10.7672779,106.6928403
366545,10.7905,106.69
366641,10.78566,106.7007272
367000,10.7722904,106.6971834
367325,10.7663756,106.6944748
368956,10.765,106.698
369538,10.7667878,106.6889294
371069,10.7828315,106.7018593
371321,10.7592379,106.687647
372611,10.765,106.698
374956,10.7924,106.697
376011,10.7897751,106.6900677
379156,10.7654629,106.6984487
379773,10.7924402,106.6960541
380520,10.7616228,106.6928465
383191,10.7732892,106.7021457
384145,10.765,106.698
384327,10.7668766,106.6890382
385697,10.7704796,106.6991367
385914,10.7835862,106.7025557
386530,10.7894382,106.6901625
387188,10.7654629,106.6984487
387507,10.7924665,106.6971657
388043,10.7607535,106.691469
389371,10.7671854,106.692834
389486,10.7826424,106.7039645
389688,10.7698,106.7
390046,10.7668766,106.6890382
391183,10.7647,106.697
391609,10.7668766,106.6890382
392008,10.7922478,106.6966009
392901,10.7717224,106.6962541
393483,10.7668,106.689
394222,10.7913183,106.6897091
395918,10.7649463,106.689124
396914,10.7669498,106.6890021
397448,10.78566,106.7007272
397538,10.7905,106.69
398158,10.7654629,106.6984487
399278,10.789701,106.690224
399977,10.7895388,106.6902175
401448,10.7654629,106.6984487
404614,10.7579852,106.6895291
405160,10.757735,106.6864142
405529,10.7730097,106.6981262
405678,10.7922478,106.6966009
405974,10.7710411,106.7023896
406454,10.7838626,106.7054914
407212,10.7897751,106.6900677
409840,10.793074,106.6873193
410253,10.7600861,106.6918451
410299,10.7632272,106.6958503
412945,10.7610809,106.6927835
414569,10.7698,106.7
415615,10.7632272,106.6958503
415898,10.789701,106.690224
416898,10.7823415,106.7041035
419777,10.7938568,106.6945436
419925,10.8384067,106.6824892
420763,10.7667878,106.6889294
421978,10.7897051,106.6981778
423037,10.7626379,106.6877352
428976,10.7732948,106.6983565
429342,10.7726719,106.7035296
429518,10.7669498,106.6890021
430029,10.7649,106.698
430513,10.7647459,106.6975358
430727,10.7635406,106.6957876
431713,10.7670379,106.6891558
432019,10.765,106.698
433726,10.7637265,106.6896157
434241,10.7924558,106.6964181
436733,10.7929993,106.6873405
438735,10.7826748,106.7039123
439804,10.7672176,106.6871792
440051,10.7698,106.7
440997,10.7629301,106.6877684
441186,10.7649463,106.689124
443922,10.7632272,106.6958503
443932,10.7898098,106.6901491
447183,10.7896102,106.6900938
449535,10.767273,106.6871225
450103,10.7643554,106.6861829
450172,10.7667,106.689
451466,10.79,106.69
452998,10.7629301,106.6877684
457160,10.7923,106.697
458125,10.7838626,106.7054914
459558,10.7939,106.691
461216,10.7579852,106.6895291
461298,10.7722389,106.6973263
461407,10.7654629,106.6984487
464699,10.7668,106.689
465488,10.7924402,106.6960541
468222,10.7643554,106.6953575
468630,10.784014,106.7002948
469931,10.7924558,106.6964181
471572,10.7818786,106.701431
472996,10.7632272,106.6958503
473066,10.7589339,106.6921444
473381,10.7814467,106.6996872
473787,10.764429,106.6941326
473888,10.7579852,106.6895291
475027,10.7649662,106.6891004
476459,10.7716158,106.7031589
477063,10.7651606,106.6975658
478011,10.7580367,106.6895155
478424,10.7900756,106.6925409
478426,10.7647,106.697
480766,10.7648,106.697
484837,10.7632272,106.6958503
486469,10.7629301,106.6877684
486801,10.7573892,106.6887184
488836,10.7924,106.697
490072,10.7897076,106.690382
491312,10.7599648,106.69445
492625,10.7923782,106.696528
498794,10.7629301,106.6877684
500217,10.7975162,106.7234072
501288,10.7632272,106.6958503
502043,10.7667838,106.6903473
502365,10.7947087,106.6928356
502994,10.7632272,106.6958503
503295,10.7894382,106.6901625
504864,10.7663756,106.6944748
506052,10.7654629,106.6984487
506250,10.7924558,106.6964181
506486,10.7894382,106.6901625
507359,10.7677426,106.6858154
507794,10.79,106.69
510135,10.765,106.698
510986,10.7649735,106.6973855
511115,10.7647,106.697
513833,10.7812921,106.6998783
515348,10.7663761,106.688038
519200,10.7652758,106.6972332
522224,10.7895143,106.6900954
522312,10.7839058,106.7031856
522667,10.7897751,106.6900677
522802,10.7897751,106.6900677
522931,10.7642504,106.6975308
523258,10.7632272,106.6958503
524466,10.7722357,106.6971571
525357,10.7704697,106.7034934
525683,10.7715933,106.703182
527247,10.7939,106.691
529283,10.7649735,106.6973855
531053,10.7704697,106.7034934
531472,10.7649463,106.689124
531643,10.7784081,106.7026197
532130,10.7623364,106.6874432
532292,10.7650864,106.6983696
534504,10.7669498,106.6890021
535463,10.765,106.698
535885,10.79,106.69
537716,10.773,106.698
538047,10.7649432,106.6948668
538912,10.7664843,106.6871757
539246,10.7603479,106.6908085
540100,10.7644517,106.6973085
542679,10.7722904,106.6971834
545739,10.7626788,106.6875741
547064,10.7727562,106.697523
549306,10.7924102,106.6907352
549545,10.7643019,106.6908466
549887,10.7896667,106.6982597
552251,10.7672779,106.6928403
553534,10.7902507,106.6902174
556777,10.7579852,106.6895291
559724,10.7927213,106.6963296
559987,10.761773,106.6933645
560911,10.7894382,106.6901625
564550,10.7924402,106.6960541
564638,10.792481,106.6964428
566245,10.7827198,106.701797
566689,10.7554,106.686
567573,10.7924102,106.6907352
567709,10.7668467,106.687285
568275,10.7902637,106.6899885
568863,10.7563868,106.689663
570452,10.7649432,106.6948668
573593,10.7667838,106.6903473
573624,10.7924355,106.6908471
574252,10.789701,106.690224
575208,10.7663756,106.6944748
576387,10.7610809,106.6927835
576956,10.7722139,106.6973184
576966,10.7938981,106.6942674
579982,10.7654629,106.6984487
584595,10.7647,106.697
585326,10.7938568,106.6945436
586051,10.7649735,106.6973855
586924,10.767394,106.6977426
587420,10.7833934,106.6962255
590063,10.765017,106.6891534
590851,10.7623364,106.6874432
591574,10.7668,106.689
591582,10.7975162,106.7234072
592219,10.7894639,106.6899654
592756,10.7826748,106.7039123
592962,10.7643554,106.6861829
593523,10.7688705,106.6984922
594858,10.7709387,106.70312
596239,10.7667838,106.6903473
598078,10.7716158,106.7031589
599096,10.7698,106.7
600086,10.761773,106.6933645
600206,10.7667,106.689
602601,10.7841415,106.7057368
603563,10.7643588,106.6889308
604687,10.7900199,106.6900208
605572,10.77034,106.7014012
606056,10.7667878,106.6889294
606682,10.756029,106.6859191
607252,10.7931238,106.6872609
607293,10.7924102,106.6907352
608796,10.765017,106.6891534
608929,10.7591328,106.6875701
613086,10.7716158,106.7031589
614748,10.7648,106.697
615626,10.7579852,106.6895291
618168,10.7938981,106.6942674
619139,10.7923859,106.6965318
619242,10.757735,106.6864142
620214,10.7643554,106.6861829
620627,10.7668766,106.6890382
620892,10.7648,106.697
623143,10.7939613,106.6907516
623474,10.793115,106.6872651
624526,10.7663958,106.6904583
625028,10.77,106.7
626272,10.7623364,106.6874432
626446,10.7905,106.69
627048,10.7698,106.7
627265,10.7897753,106.6901557
629551,10.7654629,106.6984487
629958,10.7669636,106.6891112
630517,10.7826424,106.7039645
633182,10.7931608,106.6872322
634157,10.792481,106.6964428
634665,10.7563868,106.689663
635495,10.7714513,106.7033885
636981,10.7673258,106.6887682
638334,10.7649226,106.6982183
638422,10.7643454,106.697571
639171,10.765,106.698
639461,10.7698,106.7
640553,10.7669636,106.6891112
642485,10.7730097,106.6981262
644807,10.7643996,106.6890352
646349,10.7649226,106.6982183
646415,10.7550855,106.6860467
646690,10.7647459,106.6975358
647189,10.789701,106.690224
647192,10.7733428,106.7021278
647951,10.7667838,106.6903473
648521,10.7668766,106.6890382
649884,10.765,106.698
652131,10.7654629,106.6984487
653250,10.7675711,106.6976406
653552,10.7579852,106.6895291
659191,10.7841415,106.7057368
660705,10.7922942,106.6965723
663442,10.764711,106.697554
663624,10.7727403,106.6975364
664329,10.7678541,106.6851479
666157,10.7928691,106.6909759
666696,10.7654629,106.6984487
666714,10.7573351,106.6889956
667601,10.7838626,106.7054914
670894,10.7673091,106.689409
671514,10.7643554,106.6861829
673222,10.7730097,106.6981262
673326,10.7672267,106.6984122
674477,10.7654629,106.6984487
675244,10.7894382,106.6901625
675338,10.7650864,106.6983696
676655,10.7894382,106.6901625
676882,10.7647459,106.6975358
677454,10.7897051,106.6981778
677669,10.7647459,106.6975358
677690,10.7823669,106.7016143
679842,10.7923859,106.6965318
687621,10.7647,106.697
688927,10.76351,106.6889901
688937,10.7631502,106.6911309
689842,10.765,106.698
690043,10.7667838,106.6903473
691084,10.765017,106.6891534
692367,10.7651159,106.6983492
696688,10.7592379,106.687647
696713,10.7649463,106.689124
698315,10.7667838,106.6903473
700535,10.7921692,106.69649
702275,10.7626379,106.6877352
703498,10.772873,106.7024328
705061,10.7679141,106.6854167
707118,10.7897076,106.690382
708108,10.7722139,106.6973184
708235,10.7670361,106.6914525
708452,10.7654629,106.6984487
709347,10.7623364,106.6874432
714065,10.7648343,106.6974904
714425,10.7931887,106.6935788
716669,10.7651159,106.6983492
718334,10.7641177,106.6961123
718860,10.7717224,106.6962541
720052,10.7645717,106.6925521
720213,10.7647,106.697
722691,10.7643019,106.6908466
723077,10.7698,106.7
724628,10.792481,106.6964428
725411,10.7829436,106.7036932
725872,10.7828849,106.701913
727004,10.7834888,106.7004754
727663,10.7924,106.697
727899,10.7897825,106.6901738
728034,10.7729809,106.7027629
730473,10.7975162,106.7234072
731552,10.79,106.69
731611,10.761284,106.6897541
732010,10.7701253,106.7006815
735498,10.7643454,106.697571
736788,10.7648099,106.6950303
737859,10.7626788,106.6875741
739101,10.7716432,106.7030046
739555,10.77,106.7
739689,10.7895958,106.6900892
741999,10.7897751,106.6900677
742312,10.7715933,106.703182
742446,10.7722704,106.7028595
744031,10.7650864,106.6983696
745956,10.789781,106.6900946
748806,10.7924,106.697
749644,10.7640766,106.6908268
749830,10.7679141,106.6854167
750152,10.7706,106.691
750190,10.7675047,106.6861143
752598,10.7826748,106.7039123
755071,10.7679141,106.6854167
755296,10.7649432,106.6948668
756087,10.7924402,106.6960541
756324,10.7931082,106.6872691
756340,10.7931082,106.6872691
756436,10.770539,106.6909213
756603,10.7573351,106.6889956
758482,10.7905,106.69
758993,10.7924,106.697
760884,10.7716158,106.7031589
761166,10.7629301,106.6877684
763881,10.7664843,106.6871757
764498,10.7607535,106.691469
765689,10.7924558,106.6964181
766712,10.7563868,106.689663
767956,10.7626379,106.6877352
768376,10.7896496,106.6901743
769021,10.761773,106.6933645
769075,10.783964,106.700466
771047,10.7643631,106.6861213
772763,10.7649535,106.6952178
773437,10.7838626,106.7054914
774689,10.7728,106.698
774879,10.7632272,106.6958503
775802,10.7649735,106.6973855
777029,10.7649535,106.6952178
777635,10.7824288,106.7041266
778117,10.7632272,106.6958503
778651,10.7907543,106.697519
779157,10.7629301,106.6877684
781197,10.7649432,106.6948668
781936,10.7727945,106.6981723
782284,10.7649101,106.6974001
782953,10.7719677,106.6891596
784671,10.7924,106.697
786536,10.757735,106.6864142
787273,10.766459,106.686063
787881,10.7895555,106.6900473
790315,10.7623364,106.6874432
790386,10.7626379,106.6877352
792110,10.7654629,106.6984487
792745,10.7821244,106.7015927
794852,10.7656284,106.6932768
796564,10.7897751,106.6900677
796649,10.7670603,106.689117
797378,10.7643454,106.697571
799044,10.7894382,106.6901625
803286,10.789701,106.690224
804131,10.77,106.7
805919,10.7592379,106.687647
806890,10.77,106.7
809330,10.765,106.698
810620,10.7643569,106.6941227
810882,10.7682432,106.6924033
810938,10.7715933,106.703182
811615,10.7629301,106.6877684
812427,10.7672267,106.6984122
814304,10.7668766,106.6890382
814578,10.7911798,106.6970731
815216,10.7643631,106.6861213
815985,10.7626379,106.6877352
816899,10.7673792,106.6977163
818726,10.7722704,106.7028595
820117,10.765,106.698
822333,10.7643554,106.6861829
822428,10.7704796,106.6991367
823966,10.7642061,106.6946073
825463,10.7645541,106.6974534
826395,10.770539,106.6909213
828404,10.7799333,106.701336
828880,10.7629301,106.6877684
829943,10.7896102,106.6900938
835612,10.7784081,106.7026197
836675,10.7905,106.69
837486,10.7669498,106.6890021
837937,10.7656013,106.6983218
838350,10.7922478,106.6966009
838394,10.7623364,106.6874432
839196,10.7913183,106.6897091
843945,10.7632272,106.6958503
844609,10.7913183,106.6897091
845537,10.7899,106.694
846108,10.7610809,106.6927835
848796,10.7896667,106.6982597
848897,10.7645728,106.6976195
849971,10.7856062,106.700577
852916,10.7645425,106.6944985
853847,10.7923859,106.6965318
854063,10.7654629,106.6984487
855582,10.7668766,106.6890382
856000,10.7623364,106.6874432
856121,10.7616228,106.6928465
857273,10.7649735,106.6973855
857528,10.7654629,106.6984487
858198,10.7654629,106.6984487
858315,10.7666,106.689
858490,10.7649735,106.6973855
858585,10.7898098,106.6901491
859606,10.7563868,106.689663
860760,10.7947087,106.6928356
860776,10.789701,106.690224
861433,10.7828315,106.7018593
861725,10.7667878,106.6889294
862299,10.7730784,106.7029524
863528,10.7821244,106.7015927
863541,10.7896496,106.6901743
868319,10.7701253,106.7006815
870603,10.764711,106.697554
872640,10.7895137,106.6902092
875508,10.7579852,106.6895291
876738,10.7922942,106.6965723
878170,10.7648099,106.6950303
878909,10.7647,106.697
879756,10.7909411,106.6910529
879925,10.785757,106.7006946
880331,10.7661776,106.6894136
881520,10.7663274,106.6944859
884083,10.79,106.69
886332,10.7643019,106.6908466
888867,10.7651159,106.6983492
889346,10.7902637,106.6899885
889406,10.7670799,106.6907936
891429,10.7666,106.689
893263,10.7579852,106.6895291
894815,10.7629301,106.6877684
895657,10.7924,106.697
896767,10.7716432,106.7030046
899411,10.7897651,106.6904451
899719,10.7668347,106.6873062
901356,10.7648099,106.6950303
902762,10.7894461,106.6899821
902958,10.7610809,106.6927835
903064,10.7674409,106.6927589
903701,10.770539,106.6909213
904103,10.7641174,106.6963285
904311,10.7913183,106.6897091
907253,10.761773,106.6933645
908286,10.7897051,106.6981778
909896,10.7654629,106.6984487
913609,10.7645728,106.6976195
914331,10.7897751,106.6900677
914468,10.7839316,106.7003933
914694,10.7654629,106.6984487
915743,10.7922478,106.6966009
915793,10.7673102,106.6977525
917109,10.7645425,106.6944985
917479,10.7649101,106.6974001
918085,10.7592379,106.687647
920336,10.7649735,106.6973855
923527,10.7894382,106.6901625
923697,10.7669498,106.6890021
924080,10.7643235,106.6961151
924798,10.8380189,106.6824856
926145,10.7921692,106.69649
926421,10.7857,106.7
932288,10.7598138,106.6918459
932679,10.765017,106.6891534
933124,10.7895106,106.6902053
933197,10.7731213,106.6984412
933274,10.7726354,106.7026678
933417,10.7666,106.689
934640,10.7667838,106.6903473
934641,10.7649735,106.6973855
935158,10.7667838,106.6903473
935607,10.7924,106.697
937126,10.7669028,106.6879532
937497,10.7922478,106.6966009
938500,10.7610809,106.6927835
939860,10.7905,106.69
940030,10.7905,106.69
940389,10.7667,106.689
940988,10.77288,106.7016231
941192,10.7626379,106.6877352
943846,10.7887745,106.6992318
943939,10.7894382,106.6901625
945978,10.7913183,106.6897091
946430,10.7669498,106.6890021
946688,10.7592379,106.687647
946884,10.7728153,106.7025765
947086,10.7610809,106.6927835
947716,10.765,106.698
949247,10.7649463,106.689124
949252,10.7579852,106.6895291
950497,10.7691687,106.7017848
950638,10.7663274,106.6944859
951571,10.7642685,106.6868211
952748,10.7580367,106.6895155
956149,10.7894382,106.6901625
957173,10.7550855,106.6860467
957318,10.7626379,106.6877352
960443,10.7897751,106.6900677
963691,10.7676238,106.6905588
964097,10.7898098,106.6901491
968782,10.7657222,106.6907236
969823,10.7728,106.698
971241,10.764154,106.6964203
972894,10.7823669,106.7016143
975760,10.7918438,106.6998334
975773,10.7932231,106.6872584
978937,10.764608,106.6916461
980920,10.7650948,106.6857924
981982,10.7732948,106.6983565
982059,10.7924402,106.6960541
982310,10.7922942,106.6965723
983652,10.7669028,106.6879532
984005,10.7663756,106.6944748
985107,10.7623364,106.6874432
986848,10.7923859,106.6965318
989366,10.7600861,106.6918451
989517,10.7645728,106.6976195
989675,10.7642061,106.6946073
992267,10.7924402,106.6960541
992454,10.7898098,106.6901491
994200,10.7668766,106.6890382
994304,10.76351,106.6889901
997160,10.7827198,106.701797
999105,10.7899,106.694
999547,10.7938568,106.6945436
999755,10.7668347,106.6873062
1000407,10.7667,106.689
1001324,10.7841415,106.7057368
1002542,10.7929993,106.6873405
1003485,10.7550855,106.6860467
1004018,10.7931887,106.6935788
1004084,10.765017,106.6891534
1004726,10.7704697,106.7034934
1007180,10.761773,106.6933645
1009546,10.76,106.69
1009596,10.7814467,106.6996872
1010441,10.7898098,106.6901491
1010478,10.7929993,106.6873405
1010649,10.7637265,106.6896157
1011527,10.7668766,106.6890382
1012753,10.7671854,106.692834
1014439,10.7647,106.697
1014638,10.7688329,106.6992816
1015672,10.7673951,106.6977588
1015710,10.7623364,106.6874432
1016429,10.7840862,106.7003834
1016550,10.7706639,106.6908347
1017216,10.7921692,106.69649
1019489,10.765,106.698
1020525,10.7813231,106.6998682
1024248,10.7647,106.697
1024354,10.7733224,106.7012884
1025573,10.789701,106.690224
1025933,10.7634787,106.6977162
1026795,10.7648,106.697
1028759,10.7649101,106.6974001
1029759,10.7924,106.697
1031558,10.7667,106.689
1032070,10.7623364,106.6874432
1032158,10.7668347,106.6873062
1032173,10.7667845,106.6890445
1032193,10.7691697,106.7020614
1032925,10.7931082,106.6872691
1033089,10.7902637,106.6899885
1033682,10.7780395,106.6992331
1033742,10.7649535,106.6952178
1034847,10.7616228,106.6928465
1035358,10.7685272,106.6971763
1035612,10.7580367,106.6895155
1035722,10.7931238,106.6872609
1035800,10.7894382,106.6901625
1038212,10.7580367,106.6895155
1038657,10.7808627,106.7046807
1039635,10.767424,106.689233
1040614,10.7896496,106.6901743
1040699,10.7579852,106.6895291
1044160,10.7897076,106.690382
1045351,10.7857,106.7
1046349,10.7897751,106.6900677
1046779,10.7657222,106.6907236
1046923,10.7580528,106.6907599
1047275,10.7827198,106.701797
1047501,10.7650864,106.6983696
1048898,10.7701003,106.6886484
1051151,10.7668766,106.6890382
1053284,10.7812921,106.6998783
1054022,10.7667,106.689
1054437,10.7895555,106.6900473
1054589,10.7899,106.694
1054848,10.7856062,106.700577
1055049,10.7635406,106.6957876
1055875,10.7667,106.689
1055970,10.7924402,106.6960541
1058366,10.7641174,106.6963285
1058723,10.7670379,106.6891558
1058758,10.7824288,106.7041266
1060285,10.7913183,106.6897091
1061667,10.7887745,106.6992318
1062952,10.7582907,106.6889573
1066340,10.7610809,106.6927835
1066661,10.7818786,106.701431
1067906,10.7581651,106.6894882
1068232,10.789494,106.6903451
1069087,10.7691697,106.7020614
1069171,10.7722139,106.6973184
1069471,10.769015,106.6900388
1070253,10.7674409,106.6927589
1070396,10.7975162,106.7234072
1070581,10.7896102,106.6900938
1071466,10.7897051,106.6981778
1072205,10.7924402,106.6960541
1073068,10.7826424,106.7039645
1073170,10.7924402,106.6960541
1073955,10.7580367,106.6895155
1074097,10.7665348,106.6872271
1075434,10.7701253,106.7006815
1075498,10.7894461,106.6899821
1076288,10.7663958,106.6904583
1076396,10.7844023,106.6993834
1079099,10.7930945,106.6872776
1079704,10.7635977,106.6915892
1081327,10.7560971,106.6854424
1081693,10.7651606,106.6975658
1082680,10.7647,106.697
1083466,10.7940997,106.6861494
1084596,10.765,106.698
1086156,10.7649735,106.6973855
1086821,10.7924102,106.6907352
1089903,10.7649101,106.6974001
1092030,10.7663958,106.6904583
1093248,10.766853,106.6892401
1093756,10.784014,106.7002948
1093982,10.7830458,106.7031956
1094761,10.7733048,106.701322
1096248,10.7922478,106.6966009
1097054,10.7723705,106.6971291
1100133,10.7623364,106.6874432
1100474,10.765,106.698
1100475,10.783925,106.7031685
1101750,10.7579852,106.6895291
1102383,10.7668,106.689
1103398,10.770539,106.6909213
1106414,10.7626788,106.6875741
1106667,10.7722139,106.6973184
1108193,10.7629301,106.6877684
1109181,10.7905,106.69
1110384,10.7649463,106.689124
1111628,10.7649463,106.689124
1112574,10.7668766,106.6890382
1113598,10.7649101,106.6974001
1114236,10.8,106.69
1114591,10.7947087,106.6928356
1115803,10.7670379,106.6891558
1115840,10.7649735,106.6973855
1116659,10.757735,106.6864142
1118014,10.7647,106.697
1118031,10.7661776,106.6894136
1118243,10.7970967,106.7234178
1119796,10.7648,106.697
1121850,10.7895374,106.698358
1122931,10.7706639,106.6908347
1123033,10.7654629,106.6984487
1124104,10.7643554,106.6861829
1124324,10.7670247,106.6873887
1124773,10.7814467,106.6996872
1125374,10.7580528,106.6907599
1125428,10.7643631,106.6861213
1125707,10.7921692,106.69649
1129643,10.7897751,106.6900677
1130247,10.7669917,106.6941369
1130640,10.7924,106.697
1131658,10.7580367,106.6895155
1131899,10.7657222,106.6907236
1132115,10.7939,106.691
1132956,10.7656013,106.6983218
1134109,10.7651537,106.6872183
1134546,10.7642061,106.6946073
1135303,10.7589339,106.6921444
1136325,10.765017,106.6891534
1136492,10.7563868,106.689663
1136510,10.765,106.698
1139841,10.770539,106.6909213
1142275,10.77,106.69
1146120,10.7649535,106.6952178
1147824,10.7897753,106.6901557
1148245,10.7629301,106.6877684
1148456,10.7595703,106.691906
1148776,10.7922478,106.6966009
1150510,10.7668766,106.6890382
1152825,10.7678456,106.6918285
1152925,10.7647459,106.6975358
1153313,10.7938568,106.6945436
1154944,10.7902637,106.6899885
1155107,10.789701,106.690224
1155725,10.756029,106.6859191
1156900,10.7591328,106.6875701
1157440,10.7649463,106.689124
1157770,10.7727403,106.6975364
1158905,10.7902637,106.6899885
1161816,10.7577809,106.6893085
1163559,10.7704697,106.7034934
1164702,10.7728897,106.697988
1168180,10.7667878,106.6889294
1168724,10.792481,106.6964428
1169474,10.7722704,106.7028595
1173008,10.7727697,106.6978498
1173076,10.7579852,106.6895291
1174368,10.7716158,106.7031589
1174983,10.7706,106.691
1176008,10.7649101,106.6974001
1176476,10.7728897,106.697988
1177248,10.7656013,106.6983218
1177487,10.7626379,106.6877352
1177771,10.770539,106.6909213
1178741,10.7898452,106.7008693
1180275,10.7645134,106.6964415
1185974,10.7895137,106.6902092
1186622,10.7731739,106.7013872
1186775,10.792481,106.6964428
1193363,10.7938981,106.6942674
1194323,10.7632272,106.6958503
1195122,10.7643235,106.6961151
1197070,10.7654629,106.6984487
1197756,10.7653816,106.6972806
1198205,10.7897753,106.6901557
1201363,10.7668,106.689
1201944,10.7607535,106.691469
1203441,10.7668467,106.687285
1203551,10.7647,106.697
1204558,10.7573351,106.6889956
1204585,10.7645134,106.6964415
1205226,10.7663756,106.6944748
1209049,10.7931082,106.6872691
1210377,10.7698,106.7
1211998,10.7924402,106.6960541
1217242,10.785757,106.7006946
1218979,10.7654629,106.6984487
1219122,10.7897751,106.6900677
1220124,10.79,106.7
1221131,10.765017,106.6891534
1221921,10.757735,106.6864142
1222314,10.7577809,106.6893085
1223162,10.7895555,106.6900473
1224501,10.7649662,106.6891004
1225450,10.7784081,106.7026197
1225753,10.7651606,106.6975658
1226313,10.7632272,106.6958503
1226338,10.7970967,106.7234178
1226747,10.7701253,106.7006815
1226807,10.7701253,106.7006815
1226850,10.7648,106.698
1227949,10.7701253,106.7006815
1228583,10.7667845,106.6890445
1229018,10.7665007,106.6940839
1230810,10.7728715,106.7025959
1233429,10.7728848,106.7026649
1233868,10.7600861,106.6918451
1234103,10.789781,106.6900946
1234127,10.7639935,106.6960113
1240407,10.7921692,106.69649
1240508,10.7896496,106.6901743
1241206,10.7648343,106.6974904
1242713,10.7623364,106.6874432
1244135,10.7821244,106.7015927
1246511,10.7643554,106.6861829
1246664,10.7668766,106.6890382
1250213,10.7651159,106.6983492
1253545,10.7671854,106.692834
1256434,10.7824118,106.7030647
1256468,10.7970967,106.7234178
1257076,10.7716158,106.7031589
1258884,10.7921174,106.6918145
1259663,10.7595703,106.691906
1261096,10.7930945,106.6872776
1262361,10.7654629,106.6984487
1262594,10.7894639,106.6899654
1263206,10.7905,106.69
1263373,10.7610809,106.6927835
1264196,10.7722893,106.6973816
1264236,10.7668675,106.6889659
1266198,10.7913183,106.6897091
1266393,10.7879343,106.7022525
1266624,10.7667,106.689
1267192,10.7852016,106.7002858
1268031,10.7897825,106.6901738
1269670,10.7930227,106.6874889
1269850,10.78566,106.7007272
1275023,10.7632272,106.6958503
1276988,10.7668766,106.6890382
1280445,10.7905,106.69
1280818,10.7932231,106.6872584
1285932,10.7560971,106.6854424
1286750,10.7928529,106.6876267
1287679,10.7823389,106.7040688
1288003,10.7651159,106.6983492
1288341,10.7913964,106.6896315
1291452,10.7708467,106.6919757
1291497,10.76351,106.6889901
1292221,10.7827198,106.701797
1293691,10.7668766,106.6890382
1296347,10.7893235,106.7038687
1296640,10.7896496,106.6901743
1298590,10.7896496,106.6901743
1301208,10.7667845,106.6890445
1301613,10.7907543,106.697519
1302157,10.7668347,106.6873062
1310191,10.7729809,106.7027629
1311588,10.7632245,106.6887357
1312162,10.7672779,106.6928403
1313444,10.7922942,106.6965723
1315683,10.789701,106.690224
1318280,10.7573351,106.6889956
1319591,10.78566,106.7007272
1321286,10.7670379,106.6891558
1321378,10.7648,106.698
1321929,10.7643588,106.6889308
1322983,10.7654629,106.6984487
1323472,10.7887745,106.6992318
1324134,10.7647459,106.6975358
1325516,10.7624133,106.6884202
1326378,10.7698,106.7
1327157,10.7669498,106.6890021
1327292,10.76351,106.6889901
1327846,10.7654629,106.6984487
1328663,10.7579852,106.6895291
1328903,10.7580367,106.6895155
1329536,10.7938981,106.6942674
1335457,10.7663809,106.6938675
1335822,10.7657222,106.6907236
1335855,10.7829436,106.7036932
1339517,10.7654629,106.6984487
1340415,10.7931608,106.6872322
1341685,10.7897753,106.6901557
1343641,10.7643631,106.6861213
1343646,10.7902637,106.6899885
1345678,10.7896539,106.690142
1346489,10.7654629,106.6984487
1348369,10.7672267,106.6984122
1348712,10.7896539,106.690142
1349926,10.7836812,106.7051131
1350495,10.7667,106.689
1354198,10.79,106.69
1355608,10.7722357,106.6971571
1357502,10.7730097,106.6981262
1357917,10.7730097,106.6981262
1358841,10.7649728,106.6980801
1359981,10.7896667,106.6982597
1361517,10.7923,106.697
1362208,10.7716432,106.7030046
1363714,10.7729461,106.7025896
1363986,10.7709387,106.70312
1364458,10.7589339,106.6921444
1364507,10.7577809,106.6893085
1365140,10.7618584,106.6920836
1365602,10.7921692,106.69649
1365788,10.7668675,106.6889659
1367389,10.7924,106.697
1367600,10.7709939,106.6883244
1367691,10.7663274,106.6944859
1372045,10.7905,106.69
1372364,10.8,106.69
1378067,10.7856062,106.700577
1380000,10.7894382,106.6901625
1381195,10.7623364,106.6874432
1381475,10.7729171,106.70292
1383248,10.789701,106.690224
1383280,10.7838626,106.7054914
1383459,10.7930483,106.6872341
1384890,10.7560971,106.6854424
1385232,10.7656013,106.6983218
1385803,10.7840332,106.7003863
1385865,10.7922074,106.6964766
1386725,10.7665792,106.6870614
1388607,10.7716051,106.6999555
1392145,10.7667878,106.6889294
1394009,10.7649535,106.6952178
1394079,10.7893235,106.7038687
1394918,10.7894461,106.6899821
1395957,10.789701,106.690224
1396378,10.7924,106.697
1397252,10.7668766,106.6890382
1403685,10.793074,106.6873193
1403932,10.7645728,106.6976195
1404379,10.7894461,106.6899821
1406056,10.7623364,106.6874432
1406090,10.7626788,106.6875741
1406635,10.7898098,106.6901491
1407047,10.7634787,106.6977162
1407839,10.7897751,106.6900677
1410728,10.7716158,106.7031589
1411894,10.7730097,106.6981262
1415531,10.7923859,106.6965318
1416689,10.7601636,106.694499
1417195,10.7671854,106.692834
1418775,10.7623364,106.6874432
1420778,10.7643554,106.6861829
1421174,10.7672267,106.6984122
1421335,10.7633102,106.6888995
1421523,10.7841415,106.7057368
1421945,10.7931887,106.6935788
1425304,10.7577809,106.6893085
1426087,10.7646146,106.6916847
1426908,10.7647,106.697
1427326,10.7679141,106.6854167
1428536,10.7663761,106.688038
1430204,10.7895106,106.6902053
1433831,10.7670247,106.6873887
1435463,10.7715534,106.6932982
1437300,10.761773,106.6933645
1438723,10.7595703,106.691906
1440637,10.7667,106.689
1442851,10.789781,106.6900946
1443396,10.7643554,106.6861829
1444237,10.7649463,106.689124
1444788,10.7626788,106.6875741
1445883,10.7579852,106.6895291
1447806,10.7828082,106.7018873
1447855,10.7667,106.689
1448702,10.7654689,106.6869599
1451236,10.7923859,106.6965318
1453861,10.7669498,106.6890021
1453942,10.7897651,106.6904451
1454397,10.7643554,106.6861829
1456774,10.7924402,106.6960541
1457521,10.7626788,106.6875741
1458358,10.7701253,106.7006815
1459036,10.7918005,106.6998703
1459615,10.7657222,106.6907236
1459928,10.7728715,106.7025959
1460240,10.7653816,106.6972806
1460293,10.7649735,106.6973855
1463260,10.790651,106.6910441
1463673,10.7712892,106.7020349
1466668,10.7923859,106.6965318
1467196,10.7664166,106.6944376
1467347,10.7677413,106.6859565
1469336,10.7648,106.698
1470801,10.7716158,106.7031589
1471889,10.7931082,106.6872691
1473884,10.7582907,106.6889573
1473956,10.7667838,106.6903473
1475109,10.7897051,106.6981778
1477920,10.7672267,106.6984122
1478671,10.7649735,106.6973855
1480388,10.7649432,106.6948668
1481292,10.7579852,106.6895291
1481957,10.7924102,106.6907352
1482744,10.7895374,106.698358
1482904,10.7947087,106.6928356
1483087,10.7676629,106.6852962
1484055,10.7623364,106.6874432
1486143,10.7667838,106.6903473
1486231,10.7674922,106.6865691
1486752,10.7679141,106.6854167
1487220,10.7727945,106.6981723
1489350,10.7693061,106.701846
1495641,10.765,106.698
1497446,10.7669355,106.6890138
1498031,10.7719641,106.6921265
1498804,10.7931887,106.6935788
1502486,10.7838626,106.7054914
1505657,10.789701,106.690224
1507010,10.7634787,106.6977162
1507147,10.767273,106.6976851
1507916,10.7667,106.689
1508002,10.7924402,106.6960541
1508497,10.7667,106.689
1508796,10.7657222,106.6907236
1508807,10.7714513,106.7033885
1510623,10.7650948,106.6857924
1510948,10.7573892,106.6887184
1512013,10.7701253,106.7006815
1512816,10.769087,106.6901775
1512847,10.7662651,106.6908818
1515031,10.7922942,106.6965723
1517051,10.7663756,106.6944748
1518402,10.7895555,106.6900473
1518569,10.7667,106.689
1518854,10.7650864,106.6983696
1522018,10.7722904,106.6971834
1522388,10.7902637,106.6899885
1523496,10.7654629,106.6984487
1523822,10.7642685,106.6868211
1524519,10.7554,106.686
1525042,10.7934176,106.6936274
1525543,10.7717224,106.6962541
1525627,10.765,106.698
1525781,10.7931887,106.6935788
1531697,10.773,106.698
1533221,10.7653424,106.6969809
1534749,10.7667,106.689
1535762,10.7554,106.686
1536439,10.7648627,106.6875198
1538457,10.7898098,106.6901491
1538736,10.765971,106.6870731
1540782,10.789781,106.6900946
1540821,10.7580367,106.6895155
1541913,10.793074,106.6873193
1542027,10.7730097,106.6981262
1543597,10.792481,106.6964428
1543754,10.7930227,106.6874889
1543787,10.7669028,106.6879532
1543806,10.7928529,106.6876267
1544113,10.765971,106.6870731
1544450,10.7668219,106.694089
1544520,10.7599648,106.69445
1545272,10.7616228,106.6928465
1545976,10.7591328,106.6875701
1546681,10.7654629,106.6984487
1546759,10.79,106.69
1549704,10.7918438,106.6998334
1550630,10.7896496,106.6901743
1550867,10.7902507,106.6902174
1552912,10.792481,106.6964428
1554565,10.7667838,106.6903473
1554814,10.7563868,106.689663
1555727,10.79309,106.687346
1556091,10.7669498,106.6890021
1557109,10.7655843,106.6949926
1558735,10.7924,106.697
1559569,10.7894382,106.6901625
1560833,10.761773,106.6933645
1562932,10.7722357,106.6971571
1564315,10.7818786,106.701431
1565889,10.7654629,106.6984487
1566644,10.7667838,106.6903473
1568088,10.784014,106.7002948
1569631,10.79,106.69
1570112,10.7931082,106.6872691
1571767,10.789494,106.6903451
1571864,10.7654629,106.6984487
1572741,10.7591328,106.6875701
1572941,10.7629301,106.6877684
1575331,10.7649432,106.6948668
1577370,10.7927852,106.6963308
1580512,10.7626379,106.6877352
1581577,10.765,106.698
1583085,10.7643631,106.6861213
1583331,10.7592379,106.687647
1584864,10.7722904,106.6971834
1585842,10.7828315,106.7018593
1585850,10.7573351,106.6889956
1587507,10.7650864,106.6983696
1591890,10.7667945,106.6873483
1591987,10.7601636,106.694499
1592426,10.7623364,106.6874432
1594418,10.7669498,106.6890021
1594842,10.765,106.698
1595347,10.7895137,106.6902092
1596505,10.7607535,106.691469
1601277,10.7673091,106.689409
1604037,10.7938568,106.6945436
1605534,10.7651159,106.6983492
1605879,10.7826318,106.7036578
1608099,10.7887745,106.6992318
1609423,10.7734247,106.6976951
1610115,10.7672779,106.6928403
1610460,10.7595703,106.691906
1611037,10.7666,106.689
1612163,10.789701,106.690224
1614510,10.7823669,106.7016143
1615836,10.7716432,106.7030046
1616072,10.7649535,106.6952178
1617055,10.7667,106.689
1617140,10.7894639,106.6899654
1617493,10.7826318,106.7036578
1618229,10.7670379,106.6891558
1618816,10.7924,106.697
1621059,10.7940102,106.6907872
1623573,10.7673091,106.689409
1623578,10.7897753,106.6901557
1625277,10.766107,106.6936554
1625997,10.7616228,106.6928465
1626755,10.7643631,106.6861213
1628287,10.7733049,106.6981723
1630667,10.7645134,106.6964415
1633216,10.7924558,106.6964181
1634357,10.789781,106.6900946
1634833,10.7640882,106.6964154
1636184,10.7649735,106.6973855
1637375,10.7649735,106.6973855
1637523,10.765,106.698
1640574,10.7672779,106.6928403
1641257,10.77,106.7
1641698,10.7630871,106.692473
1641933,10.7921692,106.69649
1643124,10.7672779,106.6928403
1644782,10.7649463,106.689124
1645259,10.7924402,106.6960541
1645825,10.7645134,106.6964415
1648367,10.7899,106.694
1648501,10.7836812,106.7051131
1650005,10.7642504,106.6975308
1650446,10.7667356,106.6872918
1652616,10.7550855,106.6860467
1652622,10.7975162,106.7234072
1654499,10.7650252,106.6982492
1654729,10.7918438,106.6998334
1654940,10.7654629,106.6984487
1655757,10.7887745,106.6992318
1659897,10.7579852,106.6895291
1661726,10.7648099,106.6950303
1661815,10.7839058,106.7031856
1661825,10.757735,106.6864142
1664116,10.7579587,106.6904932
1664548,10.7660582,106.685118
1664748,10.7930945,106.6872776
1664780,10.7577809,106.6893085
1665641,10.7828082,106.7018873
1666223,10.7661335,106.6935016
1666401,10.7827198,106.701797
1667859,10.7600861,106.6918451
1668105,10.7668766,106.6890382
1668393,10.7905,106.69
1670993,10.7630871,106.692473
1671685,10.7939,106.691
1672106,10.7897751,106.6900677
1675396,10.7921692,106.69649
1676330,10.77,106.7
1676559,10.7668452,106.6873473
1676579,10.7669355,106.6890138
1678809,10.7649101,106.6974001
1679974,10.7924102,106.6907352
1681811,10.7657222,106.6907236
1683236,10.7896611,106.6906167
1684107,10.765017,106.6891534
1686994,10.7667,106.689
1689532,10.7579852,106.6895291
1691081,10.7975162,106.7234072
1691734,10.7728715,106.7025959
1693385,10.7554,106.686
1693425,10.7577809,106.6893085
1694358,10.7712,106.691
1695049,10.7716158,106.7031589
1696345,10.7664166,106.6944376
1697707,10.7897742,106.6901713
1698146,10.7905,106.69
1699812,10.7667838,106.6903473
1700119,10.756029,106.6859191
1701004,10.7649728,106.6980801
1701447,10.7665728,106.6886842
1703561,10.7649735,106.6973855
1703698,10.789701,106.690224
1704315,10.7661335,106.6935016
1705195,10.7600861,106.6918451
1707529,10.7896539,106.690142
1707949,10.7653912,106.6969947
1708215,10.7894382,106.6901625
1708822,10.7626379,106.6877352
1709499,10.7653879,106.6954812
1710008,10.7727,106.698
1710508,10.7652758,106.6972332
1712566,10.7600861,106.6918451
1713696,10.7668,106.689
1714417,10.8413678,106.6512128
1716684,10.7663729,106.6870942
1716945,10.7905,106.69
1717417,10.765,106.698
1717537,10.7645134,106.6964415
1722646,10.7669498,106.6890021
1723089,10.767452,106.6978427
1725070,10.7813231,106.6998682
1725547,10.7799333,106.701336
1727295,10.7667838,106.6903473
1728386,10.7654629,106.6984487
1728932,10.7649463,106.689124
1731700,10.7727,106.698
1732496,10.78566,106.7007272
1733297,10.7894382,106.6901625
1734249,10.7670379,106.6891558
1734854,10.7943155,106.6908805
1736703,10.77,106.69
1736925,10.7940296,106.6907917
1738365,10.7924,106.697
1738661,10.7647459,106.6975358
1738795,10.7647459,106.6975358
1739007,10.765971,106.6870731
1739217,10.7667977,106.694778
1739724,10.7975162,106.7234072
1741648,10.7650864,106.6983696
1743964,10.7669919,106.6876695
1745529,10.7921692,106.69649
1746525,10.7623364,106.6874432
1747997,10.7716432,106.7030046
1748946,10.7629967,106.6908225
1749352,10.7913183,106.6897091
1749682,10.7595703,106.691906
1749916,10.7610809,106.6927835
1751642,10.789701,106.690224
1751672,10.7894382,106.6901625
1751723,10.7937819,106.6858134
1756766,10.7913183,106.6897091
1757724,10.7645354,106.6907302
1758420,10.7645728,106.6976195
1758771,10.7730097,106.6981262
1760075,10.79,106.69
1760081,10.7923859,106.6965318
1760410,10.7835862,106.7025557
1762062,10.7563868,106.689663
1762070,10.7595703,106.691906
1762551,10.7838626,106.7054914
1763610,10.7722039,106.6973403
1763619,10.7647459,106.6975358
1763747,10.7652758,106.6972332
1765929,10.7666765,106.6942261
1767265,10.7813231,106.6998682
1771316,10.7921692,106.69649
1773073,10.7640412,106.6959438
1773823,10.7938981,106.6942674
1773974,10.7673939,106.690492
1777840,10.7704697,106.7034934
1779861,10.7931887,106.6935788
1784576,10.7729461,106.7025896
1786000,10.7580367,106.6895155
1786036,10.7905,106.69
1786458,10.7667,106.689
1788583,10.7855601,106.7004295
1789790,10.7577809,106.6893085
1789816,10.7654629,106.6984487
1789916,10.7642504,106.6975308
1790228,10.7924,106.697
1792240,10.7879326,106.7022418
1792249,10.765,106.698
1792834,10.7923859,106.6965318
1798086,10.7834888,106.7004754
1798149,10.7838626,106.7054914
1798554,10.7826763,106.6963339
1799790,10.7841415,106.7057368
1799835,10.7667,106.689
1800522,10.792481,106.6964428
1801699,10.7648099,106.6950303
1801751,10.7908503,106.70094
1804536,10.7897751,106.6900677
1805009,10.7687801,106.6992482
1805531,10.7840332,106.7003863
1805945,10.7784081,106.7026197
1807777,10.7970967,106.7234178
1808085,10.7645728,106.6976195
1808139,10.765,106.698
1809653,10.7682399,106.6921708
1810672,10.7623364,106.6874432
1810878,10.7667878,106.6889294
1811134,10.7898098,106.6901491
1811259,10.76,106.69
1811376,10.7667838,106.6903473
1812329,10.792481,106.6964428
1812825,10.7645134,106.6964415
1813208,10.792481,106.6964428
1813569,10.7707966,106.6937625
1814761,10.7626788,106.6875741
1817684,10.7709387,106.70312
1817871,10.789701,106.690224
1818151,10.7654629,106.6984487
1818585,10.7667838,106.6903473
1819346,10.7922478,106.6966009
1819904,10.7905,106.69
1820580,10.7835862,106.7025557
1822122,10.7667,106.689
1822305,10.7642061,106.6946073
1822820,10.7649,106.698
1823131,10.7668347,106.6873062
1823215,10.7661335,106.6935016
1823222,10.7642504,106.6975308
1823389,10.765,106.698
1824673,10.7701253,106.7006815
1825333,10.7632272,106.6958503
1825500,10.7581651,106.6894882
1825540,10.7579852,106.6895291
1826710,10.7649463,106.689124
1827248,10.7700051,106.7004288
1829357,10.7649735,106.6973855
1829591,10.7663756,106.6944748
1830534,10.7643588,106.6889308
1833734,10.77,106.7
1836985,10.765,106.698
1837629,10.7922074,106.6964766
1839408,10.7631062,106.6881772
1839671,10.7579852,106.6895291
1839696,10.7897051,106.6981778
1845642,10.7657222,106.6907236
1846247,10.7600861,106.6918451
1846302,10.77,106.7
1846489,10.792481,106.6964428
1846504,10.7901133,106.6919949
1846872,10.7642504,106.6975308
1848026,10.7921692,106.69649
1848033,10.76,106.69
1848192,10.8380189,106.6824856
1848418,10.765971,106.6870731
1848774,10.7623364,106.6874432
1849097,10.7592379,106.687647
1849151,10.7629301,106.6877684
1850014,10.792481,106.6964428
1851345,10.7563868,106.689663
1854502,10.7871674,106.7017072
1855632,10.7653816,106.6972806
1858031,10.7665596,106.6952886
1858987,10.7727562,106.697523
1859890,10.7667696,106.6873121
1860526,10.7669028,106.6879532
1860781,10.7643996,106.6890352
1862853,10.7672779,106.6928403
1863005,10.7923859,106.6965318
1863813,10.7665007,106.6940839
1865104,10.7673837,106.6977785
1865408,10.789781,106.6900946
1865758,10.7727,106.698
1866013,10.766512,106.6872093
1870023,10.7652024,106.6872766
1872929,10.7629301,106.6877684
1873537,10.7634787,106.6977162
1876530,10.7581651,106.6894882
1877221,10.7647459,106.6975358
1877937,10.7838626,106.7054914
1878554,10.7672267,106.6984122
1880947,10.7661139,106.6936698
1881203,10.7897076,106.690382
1881233,10.7939,106.691
1884183,10.7729748,106.7026224
1885686,10.8384349,106.6821797
1885757,10.7727,106.698
1886381,10.7938568,106.6945436
1886529,10.7582907,106.6889573
1886850,10.78566,106.7007272
1889485,10.7657222,106.6907236
1890410,10.7900199,106.6900208
1890496,10.7921692,106.69649
1892188,10.7647,106.697
1892531,10.7913183,106.6897091
1893282,10.7573351,106.6889956
1893488,10.765971,106.6870731
1896043,10.765017,106.6891534
1897152,10.7630871,106.692473
1897865,10.7661139,106.6936698
1900607,10.7610809,106.6927835
1901788,10.765971,106.6870731
1902812,10.7905,106.69
1903459,10.7897751,106.6900677
1904887,10.76,106.69
1905561,10.7902637,106.6899885
1905626,10.7930945,106.6872776
1906108,10.783964,106.700466
1906762,10.7649,106.698
1906816,10.7666213,106.6859994
1906842,10.7716158,106.7031589
1907212,10.7947087,106.6928356
1908149,10.7902637,106.6899885
1908170,10.7651606,106.6975658
1910553,10.7649037,106.6930876
1913233,10.7647,106.697
1914116,10.7905,106.69
1914213,10.7930945,106.6872776
1914425,10.7895555,106.6900473
1914668,10.7648,106.698
1916354,10.7667,106.689
1916936,10.7623364,106.6874432
1917306,10.7923,106.697
1917969,10.7667603,106.6873274
1918015,10.7649101,106.6974001
1918740,10.7722389,106.6973263
1918824,10.7670379,106.6891558
1918916,10.7670799,106.6907936
1921090,10.7649226,106.6982183
1922099,10.7582907,106.6889573
1923457,10.7712232,106.6917656
1923863,10.7923824,106.6864881
1926303,10.7697327,106.7003612
1926368,10.7640882,106.6964154
1928250,10.7685272,106.6971763
1928530,10.7607535,106.691469
1928715,10.7661335,106.6935016
1928804,10.7794535,106.702331
1930201,10.789494,106.6903451
1931551,10.7923824,106.6864881
1931822,10.7716158,106.7031589
1931996,10.7616228,106.6928465
1934401,10.7716158,106.7031589
1934520,10.7824288,106.7041266
1934728,10.7663761,106.688038
1935067,10.7643452,106.6953573
1936569,10.77,106.7
1937685,10.7654629,106.6984487
1940839,10.7667,106.689
1942417,10.7616228,106.6928465
1943666,10.7668347,106.6873062
1943912,10.789701,106.690224
1944641,10.7643569,106.6941227
1945670,10.7728897,106.697988
1946112,10.7650948,106.6857924
1947944,10.7704796,106.6991367
1948995,0.0,0.0
1949833,10.7630871,106.692473
1950043,10.79,106.69
1950508,10.773263,106.7016413
1951430,10.7663274,106.6944859
1951843,10.7653123,106.6996911
1952756,10.7603393,106.6933147
1952850,10.7623364,106.6874432
1956429,10.7924665,106.6971657
1957491,10.7924402,106.6960541
1957821,10.7642061,106.6946073
1957887,10.7563868,106.689663
1959072,10.7672779,106.6928403
1959149,10.7647459,106.6975358
1959585,10.7649432,106.6948668
1960247,10.7632272,106.6958503
1960398,10.7610809,106.6927835
1963617,10.7629301,106.6877684
1966483,10.7626379,106.6877352
1966893,10.7667845,106.6890445
1967674,10.7663756,106.6944748
1971471,10.765,106.698
1971869,10.7581558,106.6888009
1973624,10.7626788,106.6875741
1975091,10.765,106.698
1976112,10.7654629,106.6984487
1976731,10.7913183,106.6897091
1977757,10.765,106.698
1979031,10.7649101,106.6974001
1979666,10.7855601,106.7004295
1980444,10.7667,106.689
1981970,10.7669355,106.6890138
1983730,10.7641177,106.6961123
1985697,10.7826763,106.6963339
1988255,10.7896102,106.6900938
1989072,10.7895374,106.698358
1989556,10.7577809,106.6893085
1991448,10.7836812,106.7051131
1991951,10.7902637,106.6899885
1992386,10.7579852,106.6895291
1993545,10.7643554,106.6861829
1995123,10.7731213,106.6984412
1997052,10.7897751,106.6900677
1998389,10.7672779,106.6928403
1998742,10.7626788,106.6875741
1999407,10.7661776,106.6894136
1999604,10.7898452,106.7008693
2000317,10.7913964,106.6896315
2001633,10.7648343,106.6974904
2002435,10.7902637,106.6899885
2003009,10.7645425,106.6944985
2003758,10.7672267,106.6984122
2004758,10.7580367,106.6895155
2004795,10.77,106.7
2006880,10.7643588,106.6889308
2007501,10.7632272,106.6958503
2008026,10.7728,106.698
2008686,10.7924402,106.6960541
2010411,10.7663958,106.6904583
2014268,10.7654629,106.6984487
2014474,10.7601636,106.694499
2015574,10.7704697,106.7034934
2019636,10.7814467,106.6996872
2020147,10.789701,106.690224
2021956,10.7828849,106.701913
2022625,10.7626788,106.6875741
2023460,10.769015,106.6900388
2024234,10.7623364,106.6874432
2025193,10.7704697,106.7034934
2025479,10.7668766,106.6890382
2026870,10.7667,106.689
2029605,10.7654629,106.6984487
2029764,10.7975162,106.7234072
2031275,10.7728715,106.7025959
2031332,10.77,106.7
2031620,10.7651159,106.6983492
2032563,10.7673091,106.689409
2034194,10.7642061,106.6946073
2035163,10.7897753,106.6901557
2038135,10.7708684,106.6877961
2038590,10.7839058,106.7031856
2040927,10.7554,106.686
2041747,10.7645425,106.6944985
2042303,10.7667838,106.6903473
2042528,10.7938981,106.6942674
2043779,10.7897753,106.6901557
2044545,10.7616228,106.6928465
2045489,10.7667838,106.6903473
2045826,10.7655843,106.6949926
2048959,10.7647,106.697
2049633,10.7632272,106.6958503
2049931,10.7632272,106.6958503
2053172,10.7897751,106.6900677
2054369,10.7927213,106.6963296
2054520,10.7905,106.69
2056615,10.7708822,106.693266
2057858,10.7896539,106.690142
2059621,10.7704697,106.7034934
2059880,10.7706,106.691
2060765,10.7626788,106.6875741
2062348,10.79,106.69
2065353,10.7897751,106.6900677
2066081,10.7629301,106.6877684
2066965,10.7934176,106.6936274
2067144,10.7643554,106.6861829
2068283,10.7649896,106.6884986
2069269,10.7712232,106.6917656
2074430,10.7648343,106.6974904
2075246,10.7924102,106.6907352
2076072,10.76359,106.6895893
2079894,10.7923859,106.6965318
2080038,10.7716158,106.7031589
2080615,10.7841415,106.7057368
2083169,10.7792967,106.7022812
2083929,10.7927852,106.6963308
2088010,10.7670379,106.6891558
2088193,10.7930227,106.6874889
2090005,10.7600861,106.6918451
2090433,10.7712232,106.6917656
2092111,10.7579852,106.6895291
2092856,10.7667845,106.6890445
2095204,10.7841415,106.7057368
2095390,10.7672985,106.6979127
2096311,10.793074,106.6873193
2096407,10.765,106.698
2096549,10.7927852,106.6963308
2096769,10.7642504,106.6975308
2096934,10.7650864,106.6983696
2097380,10.7650864,106.6983696
2098313,10.7595703,106.691906
2098366,10.7554,106.686
2098777,10.7663756,106.6944748
2099205,10.7673955,106.6977444
2099238,10.7577809,106.6893085
2102465,10.7826424,106.7039645
2103491,10.7899,106.694
2105663,10.7905,106.69
2106982,10.7670799,106.6907936
2107188,10.7634787,106.6977162
2107301,10.757735,106.6864142
2109980,10.7909411,106.6910529
2110544,10.7607535,106.691469
2111563,10.7649101,106.6974001
2112658,10.7672779,106.6928403
2114176,10.760787,106.693052
2114920,10.7856354,106.7006218
2115546,10.7897825,106.6901738
2115979,10.7647,106.697
2116942,10.7610809,106.6927835
2118107,10.7784081,106.7026197
2118171,10.7931082,106.6872691
2120364,10.7975162,106.7234072
2121745,10.7648343,106.6974904
2122985,10.7623364,106.6874432
2123155,10.7896496,106.6901743
2124232,10.7634787,106.6977162
2125000,10.7924402,106.6960541
2125106,10.7626788,106.6875741
2127662,10.7643996,106.6890352
2128848,10.7824288,106.7041266
2129379,10.77,106.7
2131245,10.7601636,106.694499
2131568,10.7727,106.698
2132330,10.7637265,106.6896157
2132826,10.77,106.7
2133415,10.7924,106.697
2134519,10.7954565,106.6858596
2136771,10.7932231,106.6872584
2137570,10.7668766,106.6890382
2139256,10.770539,106.6909213
2140780,10.7896611,106.6906167
2145186,10.7784081,106.7026197
2145261,10.7592379,106.687647
2146341,10.7652758,106.6972332
2147354,10.7643454,106.697571
2147459,10.7654629,106.6984487
2147802,10.7592379,106.687647
2149059,10.7661776,106.6894136
2149502,10.7657222,106.6907236
2151504,10.77,106.7
2153952,10.7897076,106.690382
2155110,10.7784081,106.7026197
2155289,10.7714513,106.7033885
2159826,10.7897753,106.6901557
2162774,10.765,106.698
2166586,10.7667,106.689
2166662,10.765,106.698
2166844,10.7727,106.698
2167476,10.7647,106.697
2168674,10.7929993,106.6873405
2169918,10.7579852,106.6895291
2169928,10.7580367,106.6895155
2174396,10.7579852,106.6895291
2174578,10.7654629,106.6984487
2178122,10.7647459,106.6975358
2179102,10.7897076,106.690382
2180774,10.7662733,106.6872377
2183303,10.757735,106.6864142
2184141,10.765017,106.6891534
2185006,10.7601636,106.694499
2185078,10.7896611,106.6906167
2185722,10.7924,106.697
2187655,10.7921692,106.69649
2188843,10.7924,106.697
2190537,10.7626788,106.6875741
2191079,10.7900199,106.6900208
2192658,10.7643588,106.6889308
2194937,10.7669028,106.6879532
2195341,10.7939,106.691
2195451,10.7896496,106.6901743
2196157,10.7728,106.698
2197700,10.7663274,106.6944859
2198537,10.7731739,106.7013872
2199312,10.7895143,106.6900954
2200129,10.7647,106.697
2200920,10.7626788,106.6875741
2201290,10.7667,106.689
2202219,10.792481,106.6964428
2202976,10.7818786,106.701431
2204263,10.7900199,106.6900208
2204298,10.7667838,106.6903473
2204506,10.7897825,106.6901738
2206963,10.7897076,106.690382
2208313,10.7924558,106.6964181
2209090,10.7566637,106.6897099
2209186,10.7595703,106.691906
2209196,10.7732938,106.701283
2212376,10.7897751,106.6900677
2213058,10.770539,106.6909213
2215300,10.7838626,106.7054914
2216617,10.7664776,106.6890988
2216805,10.7647459,106.6975358
2223555,10.7626379,106.6877352
2224785,10.7938568,106.6945436
2224859,10.7932231,106.6872584
2225094,10.77,106.69
2225641,10.7676432,106.6851134
2229306,10.7642504,106.6975308
2230809,10.7924102,106.6907352
2234801,10.7664776,106.6890988
2235008,10.7665348,106.6941113
2235586,10.761773,106.6933645
2235689,10.76351,106.6889901
2236067,10.7669919,106.6876695
2236388,10.7651159,106.6983492
2237971,10.7578607,106.6862242
2238963,10.7616228,106.6928465
2239488,10.7629301,106.6877684
2239758,10.7654629,106.6984487
2245549,10.7698,106.7
2246486,10.7672267,106.6984122
2248335,10.7642685,106.6868211
2249264,10.77,106.7
2249575,10.7667,106.689
2250244,10.7727783,106.6978248
2252266,10.7670379,106.6891558
2252506,10.7947087,106.6928356
2253595,10.7924558,106.6964181
2254189,10.7645717,106.6925521
2256345,10.7563868,106.689663
2256447,10.7650864,106.6983696
2256548,10.7654629,106.6984487
2256957,10.7897051,106.6981778
2256990,10.7643554,106.6953575
2257985,10.7643588,106.6889308
2258093,10.7643554,106.6861829
2258950,10.7913183,106.6897091
2259833,10.7894461,106.6899821
2260692,10.7897076,106.690382
2261859,10.7894639,106.6899654
2262818,10.7580367,106.6895155
2264337,10.7924,106.697
2264496,10.7926737,106.6911678
2264882,10.7924,106.697
2268751,10.7649535,106.6952178
2269192,10.7695636,106.6998096
2269241,10.789781,106.6900946
2271123,10.767424,106.689233
2274027,10.7626379,106.6877352
2274214,10.792481,106.6964428
2274481,10.7729748,106.7026224
2275750,10.7918005,106.6998703
2278153,10.7595703,106.691906
2278920,10.7663274,106.6944859
2280773,10.7595703,106.691906
2280938,10.7657222,106.6907236
2281649,10.7626788,106.6875741
2283116,10.7897751,106.6900677
2285962,10.793123,106.6872303
2289526,10.765017,106.6891534
2289551,10.7924,106.697
2290599,10.7649735,106.6973855
2291471,10.7727892,106.7016776
2291770,10.7654629,106.6984487
2292360,10.7647,106.697
2292560,10.7668766,106.6890382
2296245,10.7643554,106.6861829
2298201,10.765971,106.6870731
2299524,10.7643019,106.6908466
2299963,10.7670379,106.6891558
2300038,10.7940997,106.6861494
2300578,10.7823669,106.7016143
2301735,10.7722389,106.6973263
2304548,10.7701003,106.6886484
2306077,10.7784081,106.7026197
2308189,10.7923,106.697
2308986,10.7856354,106.7006218
2310546,10.7726294,106.6980801
2311138,10.7939,106.691
2311654,10.7650864,106.6983696
2312061,10.7727562,106.697523
2312745,10.7650252,106.6982492
2312891,10.7579852,106.6895291
2313750,10.7730186,106.7015067
2315442,10.7897753,106.6901557
2316572,10.7922478,106.6966009
2316875,10.760787,106.693052
2318785,10.7670379,106.6891558
2320756,10.7651606,106.6975658
2321656,10.7669498,106.6890021
2321819,10.7663274,106.6944859
2322887,10.7970967,106.7234178
2323158,10.7650252,106.6982492
2323822,10.7716158,106.7031589
2325952,10.7642504,106.6975308
2326044,10.7665348,106.6872271
2326563,10.7975162,106.7234072
2327264,10.7667,106.689
2330179,10.7649535,106.6952178
2330285,10.7647,106.697
2335561,10.761773,106.6933645
2337426,10.7698,106.7
2338748,10.7645134,106.6964415
2339364,10.7595703,106.691906
2341498,10.7729748,106.7026224
2341885,10.7667,106.689
2342390,10.7648,106.697
2344200,10.7550855,106.6860467
2345008,10.7923782,106.696528
2352576,10.7905,106.69
2353213,10.7975162,106.7234072
2353574,10.7824288,106.7041266
2355821,10.7670799,106.6907936
2356047,10.7894382,106.6901625
2357301,10.7641174,106.6963285
2357368,10.7651159,106.6983492
2357886,10.7716158,106.7031589
2358189,10.7722904,106.6971834
2359907,10.7921692,106.69649
2359998,10.7667,106.689
2360095,10.7598138,106.6918459
2362060,10.7632272,106.6958503
2363346,10.7799752,106.7027571
2364290,10.7714513,106.7033885
2365077,10.7635977,106.6915892
2365530,10.7629301,106.6877684
2366245,10.765,106.698
2366431,10.7647,106.697
2369456,10.7554,106.686
2370133,10.7700219,106.6915504
2370320,10.7626379,106.6877352
2370988,10.7679141,106.6854167
2371851,10.7722704,106.7028595
2372237,10.7667838,106.6903473
2372256,10.7939,106.691
2373741,10.7823389,106.7040688
2373859,10.7654629,106.6984487
2373927,10.7654629,106.6984487
2374591,10.7913183,106.6897091
2378702,10.7599648,106.69445
2379323,10.7672779,106.6928403
2379734,10.7667878,106.6889294
2381084,10.7663408,106.6877159
2383279,10.7933428,106.6911286
2383610,10.7728,106.698
2384191,10.7698,106.7
2385465,10.76359,106.6895893
2388049,10.7649463,106.689124
2389778,10.7626788,106.6875741
2390178,10.7599648,106.69445
2390807,10.7635977,106.6915892
2390938,10.7581651,106.6894882
2391740,10.7666,106.689
2393373,10.793074,106.6873193
2394275,10.7637265,106.6896157
2394526,10.7607535,106.691469
2396397,10.7632272,106.6958503
2397207,10.7947087,106.6928356
2397531,10.7922942,106.6965723
2398083,10.7652156,106.6954763
2398215,10.7780395,106.6992331
2398274,10.7651159,106.6983492
2398465,10.7668766,106.6890382
2399188,10.7626788,106.6875741
2401331,10.7723229,106.697454
2401374,10.7924402,106.6960541
2402120,10.7722704,106.7028595
2403418,10.7654629,106.6984487
2406922,10.7900199,106.6900208
2407014,10.7897751,106.6900677
2407254,10.7895143,106.6900954
2407397,10.7923782,106.696528
2408348,10.7700219,106.6915504
2410535,10.7897753,106.6901557
2411003,10.7897751,106.6900677
2418752,10.767397,106.6977458
2419053,10.7650864,106.6983696
2419069,10.7672779,106.6928403
2422148,10.7667845,106.6890445
2423969,10.7632272,106.6958503
2424181,10.7894382,106.6901625
2425992,10.7668586,106.6879036
2426205,10.765,106.698
2428720,10.7922478,106.6966009
2430723,10.7654629,106.6984487
2431912,10.7897751,106.6900677
2435465,10.7729667,106.7025715
2437092,10.7833934,106.6962255
2438265,10.7669355,106.6890138
2439572,10.7923859,106.6965318
2440139,10.7669498,106.6890021
2440283,10.789701,106.690224
2445884,10.7663958,106.6904583
2448360,10.7657222,106.6907236
2448835,10.7651159,106.6983492
2449258,10.7632272,106.6958503
2449515,10.757735,106.6864142
2451714,10.7662651,106.6908818
2451884,10.7897651,106.6904451
2452012,10.7669876,106.6873873
2452281,10.77,106.7
2452922,10.7646757,106.6917182
2453627,10.7922478,106.6966009
2455329,10.7664166,106.6944376
2458672,10.7667,106.689
2458780,10.7826424,106.7039645
2459409,10.7899,106.694
2459781,10.7570631,106.6858296
2461439,10.7701253,106.7006815
2461923,10.7895555,106.6900473
2462518,10.7701253,106.7006815
2462760,10.7661335,106.6935016
2467513,10.7647877,106.687506
2467718,10.7727,106.698
2469669,10.765,106.698
2469675,10.7727562,106.697523
2469773,10.77,106.7
2470128,10.7640412,106.6959438
2471354,10.7668766,106.6890382
2475206,10.7647,106.697
2476114,10.7643019,106.6908466
2477095,10.7923782,106.696528
2478043,10.7644168,106.6882798
2479139,10.792481,106.6964428
2479315,10.7672779,106.6928403
2479952,10.7667845,106.6890445
2480106,10.7716158,106.7031589
2480613,10.7643631,106.6861213
2482334,10.7669028,106.6879532
2485342,10.7921692,106.69649
2485400,10.7926737,106.6911678
2487351,10.7654629,106.6984487
2487447,10.7591328,106.6875701
2489356,10.7672267,106.6984122
2490943,10.7812921,106.6998783
2492280,10.7668766,106.6890382
2493883,10.7716158,106.7031589
2498165,10.7629301,106.6877684
2498186,10.7812921,106.6998783
2498225,10.7667,106.689
2498567,10.7896496,106.6901743
2499590,10.7579852,106.6895291
2499952,10.7841415,106.7057368
2503249,10.7626379,106.6877352
2514896,10.769365,106.6868618
2516886,10.8384349,106.6821797
2518683,10.7895137,106.6902092
2521531,10.7897742,106.6901713
2521805,10.7698,106.7
2522002,10.7669355,106.6890138
2522367,10.7663958,106.6904583
2524717,10.7643631,106.6861213
2527245,10.7654629,106.6984487
2528400,10.7649101,106.6974001
2528661,10.7667845,106.6890445
2532334,10.7924558,106.6964181
2533398,10.765,106.698
2533571,10.7667878,106.6889294
2535580,10.7716158,106.7031589
2536940,10.7871674,106.7017072
2537466,10.7706,106.691
2538663,10.7923859,106.6965318
2540841,10.7579852,106.6895291
2542287,10.7730097,106.6981262
